timestamp,wordcount,pagecount
2024-11-12 12:00:02,0,4
2024-11-19 11:22:02,1447,10
2024-11-26 10:16:02,1945,22
2024-11-26 16:38:02,2159,22
2024-12-03 12:38:02,2369,30
2024-12-03 14:00:02,2505,32
2024-12-03 14:37:02,2524,35
2024-12-04 11:37:02,2849,34
2024-12-04 13:23:52,3103,34
2024-12-04 14:51:17,3256,35
2024-12-05 10:39:59,3357,35
2024-12-06 10:39:38,3422,35
2024-12-07 16:15:48,3425,33
2024-12-09 14:34:56,3522,34
2024-12-09 15:47:25,3619,34
2024-12-09 16:35:10,3772,38
2024-12-10 19:10:29,3866,40
2024-12-11 11:21:35,3938,46
2024-12-11 13:34:15,4090,44
2024-12-16 16:24:34,4231,40
2024-12-16 17:10:43,4256,41
2024-12-16 17:12:50,4256,41
2024-12-16 17:14:56,4256,41
2024-12-16 17:15:07,4256,41
2024-12-16 17:18:19,4256,41
2024-12-16 17:21:09,4256,41
2024-12-16 17:22:57,4256,41
2024-12-16 17:24:03,4256,41
2024-12-16 17:24:17,4256,41
2024-12-16 17:24:41,4256,41
2024-12-16 17:24:52,4256,41
2024-12-16 17:25:25,4256,41
2024-12-16 17:26:08,4256,41
2025-01-16 09:48:24,4256,41
2025-01-17 10:34:21,4275,42
2025-01-21 14:18:54,4522,43
2025-01-21 17:21:28,4714,44
2025-01-23 09:20:30,4714,44
2025-01-24 14:09:49,4895,45
2025-01-28 15:28:45,5026,45
2025-01-28 16:38:03,5163,46
2025-01-29 12:57:00,5459,47
2025-01-29 15:59:53,5542,48
2025-01-29 17:31:13,5583,48
2025-01-29 18:57:25,5716,48
2025-01-30 12:35:19,5746,49
2025-01-30 17:35:50,5926,49
2025-01-31 12:59:36,6290,53
2025-01-31 13:40:20,6396,53
2025-01-31 18:17:07,6505,53
2025-02-01 14:08:02,6521,53
2025-02-01 16:01:42,6626,54
2025-02-01 17:30:36,6715,54
2025-02-03 13:47:16,6724,55
2025-02-03 15:00:18,6934,57
2025-02-04 11:43:00,7050,55
2025-02-04 15:25:45,7212,58
2025-02-04 16:15:26,7286,58
2025-02-04 17:00:30,7353,58
2025-02-04 17:39:29,7426,59
2025-02-05 14:47:27,7519,59
2025-02-05 15:02:38,7521,59
2025-02-05 16:38:06,7681,59
